{
    "spider": "./spider.jar",
    "wallpaper": "http://127.0.0.1:9978/proxy?do=wallpaper",
    "logo": "http://127.0.0.1:9978/file/TVBox/logo.png",
    "sites": [
        {
            "key": "豆瓣",
            "name": "豆瓣｜首页",
            "type": 3,
            "api": "csp_Douban",
            "searchable": 0
        },
        {
            "key": "配置中心",
            "name": "配置｜中心",
            "type": 3,
            "api": "csp_Config",
            "searchable": 0,
            "changeable": 0,
            "indexs": 0,
            "style": {
                "type": "rect",
                "ratio": 1.597
            }
        },
        {
            "key": "本地",
            "name": "本地｜视频",
            "type": 3,
            "api": "csp_LocalFile"
        },
        {
            "key": "预告",
            "name": "新片｜预告",
            "type": 3,
            "api": "csp_YGP",
            "searchable": 0
        },
        {
            "key": "热播影视",
            "name": "热播｜APP",
            "type": 3,
            "api": "csp_AppRJ",
            "searchable": 1,
            "quickSearch": 1,
            "filterable": 0,
            "ext": {
                "url": "http://v.rbotv.cn"
            }
        },
        {
            "key": "木瓜",
            "name": "木瓜｜APP",
            "type": 3,
            "api": "csp_AppFox",
            "searchable": 1,
            "changeable": 1,
            "ext": {
                "host": "http://www.yezitv.top/dtym.json",
                "ver": 2
            }
        },
        {
            "key": "花柳",
            "name": "花柳｜APP",
            "type": 3,
            "api": "csp_AppFox",
            "searchable": 1,
            "changeable": 1,
            "ext": {
                "host": "http://nico.oiio.fun",
                "ver": 2
            }
        },
        {
            "key": "麒麟",
            "name": "麒麟｜APP",
            "type": 3,
            "api": "csp_AppFox",
            "searchable": 1,
            "changeable": 1,
            "ext": {
                "host": "https://qh.70qh.top",
                "ver": 2
            }
        },
        {
            "key": "粉象",
            "name": "粉象｜APP",
            "type": 3,
            "api": "csp_AppFox",
            "searchable": 1,
            "changeable": 1,
            "ext": {
                "host": "http://host1.sopython.top/host.json",
                "ver": 2
            }
        },
        {
            "key": "搜搜",
            "name": "搜搜｜APP",
            "type": 3,
            "api": "csp_AppFox",
            "searchable": 1,
            "changeable": 1,
            "ext": "https://www.zjcvod.com"
        },
        {
            "key": "火花",
            "name": "火花｜APP",
            "type": 3,
            "api": "csp_AppFox",
            "searchable": 1,
            "changeable": 1,
            "ext": {
                "host": "http://huohua.itcxo.cn"
            }
        },
        {
            "key": "顾我",
            "name": "顾我｜APP",
            "type": 3,
            "api": "csp_AppQi",
            "searchable": 1,
            "changeable": 1,
            "ext": {
                "site": "https://daen-1256234123.cos.ap-shanghai.myqcloud.com/MuQi/pgqj.json",
                "dataKey": "kj37zs29q22jk96t",
                "dataIv": "kj37zs29q22jk96t",
                "init": "initV122",
                "ua": "okhttp/3.10.0"
            }
        },
        {
            "key": "爱盈",
            "name": "爱盈｜APP",
            "type": 3,
            "api": "csp_AppQi",
            "searchable": 1,
            "changeable": 1,
            "ext": {
                "site": "https://rxysyyds.oss-cn-chengdu.aliyuncs.com/qiji.txt",
                "dataKey": "sjvlwnhk6h9znl61",
                "dataIv": "sjvlwnhk6h9znl61",
                "version": "305",
                "ua": "okhttp/3.10.0"
            }
        },
        {
            "key": "金牌",
            "name": "金牌｜APP",
            "type": 3,
            "api": "csp_AppQi",
            "searchable": 1,
            "changeable": 1,
            "ext": {
                "site": "https://dtqj.ggtvb.cc/dtjp.txt",
                "dataKey": "eecbio48dsq131ee",
                "dataIv": "eecbio48dsq131ee",
                "search": "searchList4",
                "version": "305",
                "init": "initV122",
                "ua": "okhttp/3.10.0"
            }
        },
        {
            "key": "小猪",
            "name": "小猪｜APP",
            "type": 3,
            "api": "csp_AppQi",
            "searchable": 1,
            "changeable": 1,
            "ext": {
                "site": "https://tiantangwulu.oss-cn-shanghai.aliyuncs.com/zhuzhuxia.txt",
                "dataKey": "j8sr6d93yp49db3p",
                "dataIv": "j8sr6d93yp49db3p",
                "init": "initV122",
                "ua": "okhttp/3.10.0"
            }
        },
        {
            "key": "奇奇",
            "name": "奇奇｜APP",
            "type": 3,
            "api": "csp_AppQi",
            "searchable": 1,
            "changeable": 1,
            "ext": {
                "url": "http://110.42.67.221:8007",
                "dataKey": "123456789abcdefg",
                "dataIv": "123456789abcdefg",
                "search": "searchList7",
                "init": "initV122",
                "ua": "okhttp/3.10.0"
            }
        },
        {
            "key": "鲸鱼",
            "name": "鲸鱼｜APP",
            "type": 3,
            "api": "csp_AppQi",
            "searchable": 1,
            "changeable": 1,
            "ext": {
                "site": "https://jingyu4k-1312635929.cos.ap-nanjing.myqcloud.com/juyu3.json",
                "dataKey": "AAdgrdghjfgsABC1",
                "dataIv": "AAdgrdghjfgsABC1",
                "init": "initV122",
                "ua": "okhttp/3.10.0"
            }
        },
        {
            "key": "芬奇",
            "name": "芬奇｜APP",
            "type": 3,
            "searchable": 1,
            "changeable": 1,
            "api": "csp_AppGet",
            "ext": {
                "site": "https://wsapi.dafenqi.mom/yuming.txt",
                "dataKey": "bH5mI8iK0tK7aQ5x",
                "dataIv": "bH5mI8iK0tK7aQ5x"
            }
        },
        {
            "key": "火狐",
            "name": "火狐｜APP",
            "type": 3,
            "searchable": 1,
            "changeable": 1,
            "api": "csp_AppGet",
            "ext": {
                "site": "http://122.114.171.79:568/huohushipin.txt",
                "dataKey": "huohushipingetap",
                "dataIv": "huohushipingetap"
            }
        },
        {
            "key": "看呗",
            "name": "看呗｜APP",
            "type": 3,
            "searchable": 1,
            "changeable": 1,
            "api": "csp_AppGet",
            "ext": {
                "url": "http://www.winter1.fun",
                "dataKey": "abcdefghigklmn11",
                "dataIv": "abcdefghigklmn11"
            }
        },
        {
            "key": "优兔",
            "name": "优兔｜APP",
            "type": 3,
            "api": "csp_AppQi",
            "searchable": 1,
            "changeable": 1,
            "ext": {
                "site": "https://uututv-1319209748.cos.ap-shanghai.myqcloud.com/uutuv4.txt",
                "dataKey": "UrWKPnmQWJA8AQzd",
                "dataIv": "UrWKPnmQWJA8AQzd"
            }
        },
        {
            "key": "汤圆",
            "name": "汤圆｜APP",
            "type": 3,
            "searchable": 1,
            "changeable": 1,
            "api": "csp_AppGet",
            "filterable": 1,
            "ext": {
                "url": "http://tangyuanapp.top",
                "dataKey": "j519MYJAt3kk9XVA",
                "dataIv": "j519MYJAt3kk9XVA"
            }
        },
        {
            "key": "缘梦",
            "name": "缘梦｜APP",
            "type": 3,
            "searchable": 1,
            "changeable": 1,
            "api": "csp_AppGet",
            "ext": {
                "url": "http://165.99.42.137:5432",
                "dataKey": "1234567890987654",
                "dataIv": "1234567890987654"
            }
        },
        {
            "key": "王子",
            "name": "王子｜APP",
            "type": 3,
            "searchable": 1,
            "changeable": 1,
            "api": "csp_AppGet",
            "ext": {
                "url": "https://app.95112475.xyz",
                "dataKey": "5a9w6x58dsq6z3a6",
                "dataIv": "5a9w6x58dsq6z3a6"
            }
        },
        {
            "key": "小猫",
            "name": "小猫｜APP",
            "type": 3,
            "searchable": 1,
            "changeable": 1,
            "api": "csp_AppGet",
            "ext": {
                "site": "http://xywlkj.oss-cn-beijing.aliyuncs.com/wp-content/uploads/2024/12/1.txt",
                "dataKey": "xmyxmyxywlkjxywl",
                "dataIv": "xmyxmyxywlkjxywl"
            }
        },
        {
            "key": "小白",
            "name": "小白｜APP",
            "type": 3,
            "searchable": 1,
            "changeable": 1,
            "api": "csp_AppGet",
            "ext": {
                "url": "https://uutu.efjhl.cn",
                "dataKey": "uXVVRRuaPnjEfsX5",
                "dataIv": "uXVVRRuaPnjEfsX5"
            }
        },
        {
            "key": "火锅",
            "name": "火锅｜APP",
            "type": 3,
            "searchable": 1,
            "changeable": 1,
            "api": "csp_AppGet",
            "ext": {
                "url": "https://ios.hgyx.vip",
                "dataKey": "062dec75d039980e",
                "dataIv": "062dec75d039980e",
                "ua": "Dart/3.5 (dart:io)"
            }
        },
        {
            "key": "气球",
            "name": "气球｜APP",
            "type": 3,
            "searchable": 1,
            "changeable": 1,
            "api": "csp_AppGet",
            "ext": {
                "url": "https://vv.229d.cn",
                "dataKey": "8888888888888888",
                "dataIv": "8888888888888888"
            }
        },
        {
            "key": "白鸽",
            "name": "白鸽｜APP",
            "type": 3,
            "searchable": 1,
            "changeable": 1,
            "api": "csp_AppGet",
            "ext": {
                "url": "https://cy.baige.asia",
                "dataKey": "599D0FE5178642FD",
                "dataIv": "599D0FE5178642FD"
            }
        },
        {
            "key": "剧梦",
            "name": "剧梦｜APP",
            "type": 3,
            "searchable": 1,
            "changeable": 1,
            "api": "csp_AppGet",
            "ext": {
                "url": "https://www.jumengwu.com",
                "dataKey": "1f0a873caf2550a5",
                "dataIv": "1f0a873caf2550a5"
            }
        },
        {
            "key": "魔方",
            "name": "魔方｜APP",
            "type": 3,
            "searchable": 1,
            "changeable": 1,
            "api": "csp_AppGet",
            "ext": {
                "site": "https://snysw.xyz/mf4kzs327.txt",
                "dataKey": "1234567887654321",
                "dataIv": "1234567887654321"
            }
        },
        {
            "key": "瑞奇",
            "name": "瑞奇｜APP",
            "type": 3,
            "searchable": 1,
            "changeable": 1,
            "api": "csp_AppGet",
            "ext": {
                "url": "http://rqxk.gdata.fun",
                "dataKey": "yangruiqiYsapp00",
                "dataIv": "yangruiqiYsapp00"
            }
        },
        {
            "key": "茉莉",
            "name": "茉莉｜APP",
            "type": 3,
            "searchable": 1,
            "changeable": 1,
            "api": "csp_AppGet",
            "ext": {
                "site": "https://gitee.com/wmmoliill/wimg/raw/master/img/bk/9.txt",
                "dataKey": "88689667dce61725",
                "dataIv": "88689667dce61725"
            }
        },
        {
            "key": "驿站",
            "name": "驿站丨APP",
            "type": 3,
            "searchable": 1,
            "changeable": 1,
            "api": "csp_AppGet",
            "ext": {
                "site": "https://dyyztvappapigoodgx.68.gy:12689/ciwk28vu38io8/apiurl.txt",
                "dataKey": "dyyztvapiappyyds",
                "dataIv": "dyyztvapiappyyds"
            }
        },
        {
            "key": "灵虎",
            "name": "灵虎｜APP",
            "type": 3,
            "searchable": 1,
            "changeable": 1,
            "api": "csp_AppGet",
            "ext": {
                "site": "https://bind.315999.xyz/89.txt",
                "dataKey": "#getapp@TMD@2025",
                "dataIv": "#getapp@TMD@2025",
                "version": "120"
            }
        },
        {
            "key": "哔哩视频",
            "name": "哔哩｜视频",
            "type": 3,
            "api": "csp_BiliYS",
            "searchable": 1,
            "quickSearch": 0,
            "filterable": 0,
            "changeable": 0,
            "style": {
                "type": "rect",
                "ratio": 1.433
            },
            "ext": {
                "json": "./json/哔哩视频.json",
                "cookie": "http://127.0.0.1:9978/file/TVBox/bili_cookie.txt"
            }
        },
        {
            "key": "腾讯视频",
            "name": "腾讯｜视频",
            "type": 3,
            "api": "./js/drpy2.min.js",
            "ext": "./js/腾讯视频.js"
        },
        {
            "key": "优酷视频",
            "name": "优酷｜视频",
            "type": 3,
            "api": "./js/drpy2.min.js",
            "ext": "./js/优酷视频.js"
        },
        {
            "key": "芒果视频",
            "name": "芒果｜视频",
            "type": 3,
            "api": "./js/drpy2.min.js",
            "ext": "./js/芒果视频.js"
        },
        {
            "key": "爱奇艺",
            "name": "爱奇艺｜视频",
            "type": 3,
            "api": "./js/drpy2.min.js",
            "ext": "./js/爱奇艺.js"
        },
        {
            "key": "三六零",
            "name": "三六零｜视频",
            "type": 3,
            "api": "csp_SP360"
        },
        {
            "key": "玩偶",
            "name": "玩偶｜4K",
            "type": 3,
            "api": "csp_Wogg",
            "searchable": 1,
            "quickSearch": 1,
            "filterable": 1,
            "changeable": 1,
            "ext": {
                "site": [
                    "https://www.wogg.one",
                    "https://wogg.333232.xyz",
                    "https://woggpan.888484.xyz"
                ]
            }
        },
        {
            "key": "快映",
            "name": "快映｜4K",
            "type": 3,
            "api": "csp_PanWebShare",
            "searchable": 1,
            "quickSearch": 1,
            "filterable": 1,
            "changeable": 1,
            "ext": {
                "site": [
                    "http://xsayang.fun:12512",
                    "http://154.201.83.50:12512"
                ]
            }
        },
        {
            "key": "木偶",
            "name": "木偶｜4K",
            "type": 3,
            "api": "csp_PanWebShare",
            "searchable": 1,
            "quickSearch": 1,
            "filterable": 1,
            "changeable": 1,
            "ext": {
                "site": [
                    "https://123.666291.xyz",
                    "https://666.666291.xyz",
                    "https://www.muou.site",
                    "https://www.muou.asia"
                ]
            }
        },
        {
            "key": "蜡笔",
            "name": "蜡笔｜4K",
            "type": 3,
            "api": "csp_PanWebShare",
            "searchable": 1,
            "quickSearch": 1,
            "filterable": 1,
            "changeable": 1,
            "ext": {
                "site": [
                    "https://www.labi88.sbs",
                    "https://feimao666.fun",
                    "http://feimao888.fun"
                ]
            }
        },
        {
            "key": "至臻",
            "name": "至臻｜4K",
            "type": 3,
            "api": "csp_PanWebShare",
            "searchable": 1,
            "quickSearch": 1,
            "filterable": 1,
            "changeable": 1,
            "ext": {
                "site": [
                    "https://mihdr.top",
                    "https://www.miqk.cc",
                    "https://xiaomiai.site",
                    "https://xiaomi666.fun",
                    "https://www.mihdr.top",
                    "https://www.zhizhenpan.fun"
                ]
            }
        },
        {
            "key": "多多",
            "name": "多多｜4K",
            "type": 3,
            "api": "csp_PanWebShare",
            "searchable": 1,
            "quickSearch": 1,
            "filterable": 1,
            "changeable": 1,
            "ext": {
                "site": [
                    "https://tv.yydsys.top",
                    "https://tv.yydsys.cc",
                    "https://tv.214521.xyz"
                ]
            }
        },
        {
            "key": "欧哥",
            "name": "欧哥｜4K",
            "type": 3,
            "api": "csp_PanWebShare",
            "searchable": 1,
            "quickSearch": 1,
            "filterable": 1,
            "changeable": 1,
            "ext": {
                "site": [
                    "https://woog.nxog.eu.org",
                    "https://woog.nxog.fun",
                    "https://woog.nxog.eu.org",
                    "https://woog.430520.xyz"
                ]
            }
        },
        {
            "key": "二小",
            "name": "二小｜4K",
            "type": 3,
            "api": "csp_PanWebShare",
            "searchable": 1,
            "quickSearch": 1,
            "filterable": 1,
            "changeable": 1,
            "ext": {
                "site": [
                    "https://xhww.net",
                    "https://erxiaofn.site",
                    "https://erxiaofn.click",
                    "https://www.xhww.net"
                ]
            }
        },
        {
            "key": "虎斑",
            "name": "虎斑｜4K",
            "type": 3,
            "api": "csp_PanWebShare",
            "searchable": 1,
            "quickSearch": 1,
            "filterable": 1,
            "changeable": 1,
            "ext": {
                "site": [
                    "http://xhban.xyz:20720",
                    "http://154.222.27.33:20720"
                ]
            }
        },
        {
            "key": "闪电",
            "name": "闪电｜4K",
            "type": 3,
            "api": "csp_PanWebShare",
            "searchable": 1,
            "quickSearch": 1,
            "filterable": 1,
            "changeable": 1,
            "ext": {
                "site": [
                    "https://sd.sduc.site"
                ]
            }
        },
        {
            "key": "夸克",
            "name": "夸克｜4K",
            "type": 3,
            "api": "csp_PanWebShareCloudKK",
            "searchable": 1,
            "quickSearch": 1,
            "filterable": 1,
            "changeable": 1,
            "ext": {
                "site": [
                    "https://www.quarktv.cc"
                ]
            }
        },
        {
            "key": "清影",
            "name": "清影｜4K",
            "type": 3,
            "api": "csp_PanWebShareCloudQY",
            "searchable": 1,
            "quickSearch": 1,
            "filterable": 1,
            "changeable": 1,
            "ext": {
                "site": [
                    "http://www.revohd.com"
                ]
            }
        },
        {
            "key": "雷鲸",
            "name": "雷鲸｜4K",
            "type": 3,
            "api": "csp_PanWebShareCloudLJ",
            "searchable": 1,
            "quickSearch": 1,
            "filterable": 1,
            "changeable": 1,
            "style": {
                "type": "list",
                "ratio": 1.433
            },
            "ext": {
                "site": [
                    "https://www.leijing.xyz",
                    "https://www.leijing1.com",
                    "https://leijing.xyz",
                    "https://leijing1.com"
                ]
            }
        },
        {
            "key": "海绵",
            "name": "海绵｜4K",
            "type": 3,
            "api": "csp_PanWebShareCloudHM",
            "searchable": 1,
            "quickSearch": 1,
            "filterable": 1,
            "changeable": 1,
            "style": {
                "type": "list",
                "ratio": 1.433
            },
            "ext": {
                "site": [
                    "http://haimian.eu.org",
                    "https://www.hmxz.org",
                    "https://www.haimianxz.com"
                ]
            }
        },
        {
            "key": "夸父",
            "name": "夸父｜4K",
            "type": 3,
            "api": "csp_PanWebShareCloudKF",
            "searchable": 1,
            "quickSearch": 1,
            "filterable": 1,
            "changeable": 1,
            "style": {
                "type": "list",
                "ratio": 1.433
            },
            "ext": {
                "site": [
                    "https://www.kfjwzz.com"
                ],
                "cookie": "bbs_sid=bi7dpnm6vp31s38rjqlqq8vq84; bbs_token=TWiR3YUrGoVpbdTkjAJ0xMe_2B_2FiaFvd84V3_2FEZJRRSKU_3D"
            }
        },
        {
            "key": "盘它",
            "name": "盘它｜4K",
            "type": 3,
            "api": "csp_PanWebShareCloudPT",
            "searchable": 1,
            "quickSearch": 1,
            "filterable": 1,
            "changeable": 1,
            "style": {
                "type": "list"
            }
        },
        {
            "key": "123",
            "name": "123｜4K",
            "type": 3,
            "api": "csp_PanWebShareCloud123",
            "searchable": 1,
            "quickSearch": 1,
            "filterable": 1,
            "changeable": 1,
            "style": {
                "type": "list",
                "ratio": 1.433
            },
            "ext": {
                "site": [
                    "https://123panfx.com",
                    "https://pan1.me"
                ]
            }
        },
        {
            "key": "人人",
            "name": "人人｜4K",
            "type": 3,
            "api": "csp_RenRen"
        },
        {
            "key": "即刻",
            "name": "即刻｜4K",
            "type": 3,
            "api": "csp_Jike",
            "style": {
                "type": "list"
            }
        },
        {
            "key": "双星",
            "name": "双星｜4K",
            "type": 3,
            "api": "csp_ShuangXing",
            "style": {
                "type": "list"
            }
        },
        {
            "key": "甜圈短剧",
            "name": "甜圈｜短剧",
            "type": 3,
            "api": "csp_TianquanDJ",
            "searchable": 1,
            "changeable": 1,
            "quickSearch": 1,
            "filterable": 1
        },
        {
            "key": "锦鲤短剧",
            "name": "锦鲤｜短剧",
            "type": 3,
            "api": "csp_JinliDJ",
            "searchable": 1,
            "changeable": 1,
            "quickSearch": 1,
            "filterable": 1
        },
        {
            "key": "星阁短剧",
            "name": "星阁｜短剧",
            "type": 3,
            "api": "csp_XinggeDJ",
            "searchable": 1,
            "changeable": 1,
            "quickSearch": 1,
            "filterable": 1
        },
        {
            "key": "星芽短剧",
            "name": "星芽｜短剧",
            "type": 3,
            "api": "./py/星芽短剧.py",
            "searchable": 1,
            "changeable": 1,
            "quickSearch": 1,
            "filterable": 1
        },
        {
            "key": "剧王短剧",
            "name": "剧王｜短剧",
            "type": 3,
            "api": "./py/剧王短剧.py",
            "searchable": 1,
            "changeable": 1,
            "quickSearch": 1,
            "filterable": 1
        },
        {
            "key": "木兮影视",
            "name": "木兮｜影视",
            "type": 3,
            "api": "csp_Symx",
            "ext": "https://film.symx.club"
        },
        {
            "key": "零度影视",
            "name": "零度｜影视",
            "type": 3,
            "api": "csp_Lingdu",
            "searchable": 1,
            "filterable": 1
        },
        {
            "key": "厂长影视",
            "name": "厂长｜影视",
            "type": 3,
            "api": "csp_Czsapp",
            "searchable": 1,
            "quickSearch": 1,
            "filterable": 1,
            "ext": "https://www.czzymovie.com"
        },
        {
            "key": "金牌影视",
            "name": "金牌｜影视",
            "type": 3,
            "api": "csp_Jpys",
            "ext": "https://m.610pkea.com,https://y2s52n7.com,https://m.hkybqufgh.com,https://m.sizhengxt.com,https://m.9zhoukj.com,https://m.sizhengxt.com,https://m.jiabaide.cn"
        },
        {
            "key": "云播影视",
            "name": "云播｜影视",
            "type": 3,
            "api": "csp_Tvyb",
            "ext": "http://www.viptv05.com"
        },
        {
            "key": "苹果影视",
            "name": "苹果｜影视",
            "type": 3,
            "api": "csp_LiteApple"
        },
        {
            "key": "饺子影视",
            "name": "饺子｜影视",
            "type": 3,
            "api": "csp_Jiaozi"
        },
        {
            "key": "瓜子影视",
            "name": "瓜子｜影视",
            "type": 3,
            "api": "csp_Gz360"
        },
        {
            "key": "骚火影视",
            "name": "骚火｜影视",
            "type": 3,
            "api": "csp_SaoHuo",
            "ext": "https://shdy5.us"
        },
        {
            "key": "农民影视",
            "name": "农民｜影视",
            "type": 3,
            "api": "csp_Wwys",
            "ext": "https://vip.wwgz.cn:5200"
        },
        {
            "key": "爱看机器人",
            "name": "爱看｜影视",
            "type": 3,
            "api": "csp_Ikanbot",
            "searchable": 1,
            "quickSearch": 1,
            "filterable": 1
        },
        {
            "key": "韩剧看看",
            "name": "韩剧｜影视",
            "type": 3,
            "api": "csp_XBPQ",
            "ext": "./XBPQ/韩剧看看.json"
        },
        {
            "key": "小镇影视",
            "name": "小镇｜影视",
            "type": 3,
            "api": "csp_XBPQ",
            "ext": "./XBPQ/小镇影视.json"
        },
        {
            "key": "面包影视",
            "name": "面包｜影视",
            "type": 3,
            "api": "csp_XBPQ",
            "ext": "./XBPQ/面包影视.json"
        },
        {
            "key": "永乐影视",
            "name": "永乐｜影视",
            "type": 3,
            "api": "csp_XBPQ",
            "ext": "./XBPQ/永乐影视.json"
        },
        {
            "key": "采集之王",
            "name": "采集｜合集",
            "type": 3,
            "api": "./js/drpy2.min.js",
            "ext": "./js/采集之王.js?type=url&params=../json/采集静态.json$1$1"
        },
        {
            "key": "1905",
            "name": "1905｜影视",
            "type": 3,
            "api": "csp_Web1905",
            "searchable": 1,
            "quickSearch": 0,
            "filterable": 0
        },
        {
            "key": "哆啦新番社",
            "name": "哆啦｜新番社",
            "type": 3,
            "api": "csp_XBPQ",
            "style": {
                "type": "list"
            },
            "ext": "./XBPQ/哆啦新番社.json"
        },
        {
            "key": "Anime1",
            "name": "A1｜动漫",
            "type": 3,
            "api": "./js/drpy2.min.js",
            "ext": "./js/Anime1.js"
        },
        {
            "key": "NT动漫",
            "name": "NT｜动漫",
            "type": 3,
            "api": "./js/drpy2.min.js",
            "ext": "./js/NT动漫.js"
        },
        {
            "key": "漫国动漫",
            "name": "漫国丨动漫",
            "type": 3,
            "searchable": 1,
            "api": "csp_AppSy",
            "ext": {
                "site": "https://dm-1255775577.cos.ap-guangzhou.myqcloud.com/dmg/api.txt",
                "siteKey": "rectangleadsadxa",
                "listKey": "aassddwwxxllsx1x",
                "parsesKey": "aassddwwxxllsx1x"
            }
        },
        {
            "key": "云屋动漫",
            "name": "云屋｜动漫",
            "type": 3,
            "searchable": 1,
            "api": "csp_AppGet",
            "ext": {
                "url": "https://www.yunwuee.icu",
                "dataKey": "ygcnb9bdcmb8aeiw",
                "dataIv": "ygcnb9bdcmb8aeiw"
            }
        },
        {
            "key": "卡卡动漫",
            "name": "卡卡｜动漫",
            "type": 3,
            "searchable": 1,
            "api": "csp_AppGet",
            "ext": {
                "url": "http://154.201.90.53:8002",
                "dataKey": "123456789abcdefg",
                "dataIv": "123456789abcdefg"
            }
        },
        {
            "key": "丫丫动漫",
            "name": "丫丫｜动漫",
            "type": 3,
            "searchable": 1,
            "api": "csp_AppGet",
            "ext": {
                "url": "http://tv.yy-fun.cc",
                "dataKey": "qkxnwkfjwpcnwycl",
                "dataIv": "qkxnwkfjwpcnwycl"
            }
        },
        {
            "key": "冬日动漫",
            "name": "冬日丨动漫",
            "type": 3,
            "searchable": 1,
            "api": "csp_AppGet",
            "ext": {
                "url": "http://www.drdm.fun",
                "dataKey": "qE2nD0rL1lH4uP9r",
                "dataIv": "qE2nD0rL1lH4uP9r"
            }
        },
        {
            "key": "方舟动漫",
            "name": "方舟丨动漫",
            "type": 3,
            "searchable": 1,
            "api": "csp_AppGet",
            "ext": {
                "url": "https://www.cyfz.vip",
                "dataKey": "e72cdfd629e8895d",
                "dataIv": "e72cdfd629e8895d"
            }
        },
        {
            "key": "元咲动漫",
            "name": "元咲丨动漫",
            "type": 3,
            "searchable": 1,
            "api": "csp_AppGet",
            "ext": {
                "url": "http://cic.aicg.fun",
                "dataKey": "2c4h36abd96se10u",
                "dataIv": "2c4h36abd96se10u"
            }
        },
        {
            "key": "番薯动漫",
            "name": "番薯丨动漫",
            "type": 3,
            "searchable": 1,
            "api": "csp_AppGet",
            "ext": {
                "url": "https://new.app.bytegooty.com",
                "dataKey": "N4yj7l7xKxHF4*gz",
                "dataIv": "N4yj7l7xKxHF4*gz"
            }
        },
        {
            "key": "曼波动漫",
            "name": "曼波｜动漫",
            "type": 3,
            "searchable": 1,
            "api": "csp_AppGet",
            "ext": {
                "url": "https://app.omofun1.top",
                "dataKey": "66dc309cbeeca454",
                "dataIv": "66dc309cbeeca454"
            }
        },
        {
            "key": "咕咕动漫",
            "name": "咕咕｜动漫",
            "type": 3,
            "searchable": 1,
            "api": "csp_AppGet",
            "ext": {
                "url": "https://www.gugu3.com",
                "dataKey": "nKfZ8KX6JTNWRzTD",
                "dataIv": "nKfZ8KX6JTNWRzTD"
            }
        },
        {
            "key": "米饭动漫",
            "name": "米饭｜动漫",
            "type": 3,
            "searchable": 1,
            "api": "csp_AppGet",
            "ext": {
                "url": "https://get.mymifun.com",
                "dataKey": "GETMIFUNGEIMIFUN",
                "dataIv": "GETMIFUNGEIMIFUN"
            }
        },
        {
            "key": "樱花动漫",
            "name": "樱花｜动漫",
            "type": 3,
            "api": "csp_XBPQ",
            "ext": "./XBPQ/樱花动漫.json"
        },
        {
            "key": "巴士动漫",
            "name": "巴士｜动漫",
            "type": 3,
            "api": "csp_XYQHiker",
            "ext": "./XYQHiker/巴士动漫.json"
        },
        {
            "key": "花子动漫",
            "name": "花子｜动漫",
            "type": 3,
            "api": "./js/drpy2.min.js",
            "ext": "./js/花子动漫.js"
        },
        {
            "key": "爱动漫",
            "name": "爱动漫｜动漫",
            "type": 3,
            "api": "./js/drpy2.min.js",
            "ext": "./js/爱动漫.js"
        },
        {
            "key": "路漫漫",
            "name": "路漫漫｜动漫",
            "type": 3,
            "api": "./js/drpy2.min.js",
            "ext": "./js/路漫漫.js"
        },
        {
            "key": "去看吧",
            "name": "去看吧｜动漫",
            "type": 3,
            "api": "./js/drpy2.min.js",
            "ext": "./js/去看吧.js"
        },
        {
            "key": "荐片",
            "name": "荐片｜磁力",
            "api": "csp_JianPian",
            "type": 3
        },
        {
            "key": "修罗",
            "name": "修罗｜磁力",
            "api": "csp_Xlys",
            "type": 3,
            "ext": "https://xl01.com.de"
        },
        {
            "key": "七味",
            "name": "七味｜磁力",
            "type": 3,
            "api": "csp_QnMp4",
            "searchable": 1,
            "quickSearch": 1,
            "filterable": 1,
            "ext": {
                "url": "https://www.pkmp4.xyz,https://www.qwnull.com,https://www.qwmkv.com,https://www.qwfilm.com,https://www.qnmp4.com,https://www.qnnull.com,https://www.qnhot.com"
            }
        },
        {
            "key": "雪花",
            "name": "雪花｜磁力",
            "type": 3,
            "api": "csp_XBPQ",
            "changeable": 1,
            "searchable": 1,
            "quickSearch": 1,
            "filterable": 1,
            "ext": "./XBPQ/雪花.json"
        },
        {
            "key": "80S",
            "name": "80S｜磁力",
            "type": 3,
            "api": "csp_BLSGod",
            "playerType": 1,
            "searchable": 1,
            "quickSearch": 1,
            "filterable": 1
        },
        {
            "key": "New6v",
            "name": "New6V｜磁力",
            "type": 3,
            "api": "csp_New6v",
            "searchable": 1,
            "quickSearch": 1,
            "filterable": 1,
            "ext": "https://www.xb6v.com"
        },
        {
            "key": "美剧迷",
            "name": "美剧迷｜磁力",
            "type": 3,
            "api": "csp_MeijuMi",
            "searchable": 1,
            "quickSearch": 1,
            "filterable": 1
        },
        {
            "key": "迅雷吧",
            "name": "迅雷吧｜磁力",
            "type": 3,
            "api": "csp_Xunlei8",
            "searchable": 1,
            "quickSearch": 1,
            "filterable": 1
        },
        {
            "key": "电影港",
            "name": "电影港｜磁力",
            "type": 3,
            "api": "csp_XYQHiker",
            "searchable": 1,
            "quickSearch": 1,
            "filterable": 1,
            "ext": "./XYQHiker/电影港.json"
        },
        {
            "key": "电影天堂",
            "name": "电影天堂｜磁力",
            "type": 3,
            "api": "csp_DyGod",
            "searchable": 1,
            "quickSearch": 1,
            "filterable": 1
        },
        {
            "key": "阿里云盘",
            "name": "我的｜阿里",
            "type": 3,
            "api": "csp_PanAli",
            "searchable": 0,
            "filterable": 0,
            "changeable": 0,
            "style": {
                "type": "list",
                "ratio": 1.433
            },
            "ext": "./json/aliShare.json"
        },
        {
            "key": "夸克云盘",
            "name": "我的｜夸克",
            "type": 3,
            "api": "csp_PanQuark",
            "searchable": 0,
            "filterable": 0,
            "changeable": 0,
            "style": {
                "type": "list",
                "ratio": 1.433
            },
            "ext": "./json/quarkShare.json"
        },
        {
            "key": "UC云盘",
            "name": "我的｜UC",
            "type": 3,
            "api": "csp_PanUc",
            "searchable": 0,
            "filterable": 0,
            "changeable": 0,
            "style": {
                "type": "list",
                "ratio": 1.433
            },
            "ext": "./json/ucShare.json"
        },
        {
            "key": "百度云盘",
            "name": "我的｜百度",
            "type": 3,
            "api": "csp_PanBaiDu",
            "searchable": 0,
            "filterable": 0,
            "changeable": 0,
            "style": {
                "type": "list",
                "ratio": 1.433
            }
        },
        {
            "key": "盘搜",
            "name": "盘搜｜搜索",
            "type": 3,
            "api": "csp_PanSou",
            "searchable": 1,
            "quickSearch": 0,
            "filterable": 0
        },
        {
            "key": "糖果",
            "name": "糖果｜搜索",
            "type": 3,
            "api": "csp_TGSou",
            "searchable": 1,
            "quickSearch": 0,
            "filterable": 0
        },
        {
            "key": "百酷",
            "name": "百酷｜搜索",
            "type": 3,
            "api": "csp_Baiku"
        },
        {
            "key": "米搜",
            "name": "米搜｜搜索",
            "type": 3,
            "api": "csp_MiSou"
        },
        {
            "key": "酷乐",
            "name": "酷乐｜搜索",
            "type": 3,
            "api": "csp_KuLe"
        },
        {
            "key": "鬼鬼",
            "name": "鬼鬼｜搜索",
            "type": 3,
            "api": "csp_GuiGui"
        },
        {
            "key": "混合",
            "name": "混合｜搜索",
            "type": 3,
            "api": "csp_HunHePan"
        },
        {
            "key": "兄弟",
            "name": "兄弟｜搜索",
            "type": 3,
            "api": "csp_XiongDiPan"
        },
        {
            "key": "天翼",
            "name": "天翼｜搜索",
            "type": 3,
            "api": "csp_TianYiSo"
        },
        {
            "key": "趣盘",
            "name": "趣盘｜搜索",
            "type": 3,
            "api": "csp_QuPanSo"
        },
        {
            "key": "AList",
            "name": "AList｜合集",
            "type": 3,
            "api": "csp_Alist",
            "searchable": 1,
            "filterable": 1,
            "changeable": 0,
            "style": {
                "type": "list"
            },
            "ext": "./json/alist.json"
        },
        {
            "key": "88看球",
            "name": "88｜看球",
            "type": 3,
            "api": "csp_Kanqiu",
            "gridview": 3,
            "style": {
                "type": "list"
            }
        },
        {
            "key": "爱听音乐",
            "name": "爱听｜音乐",
            "type": 3,
            "api": "./py/爱听音乐.py"
        },
        {
            "key": "六月听书",
            "name": "六月｜听书",
            "type": 3,
            "api": "csp_TingBook",
            "style": {
                "type": "list"
            }
        },
        {
            "key": "呦呦DJ",
            "name": "呦呦｜DJ",
            "type": 3,
            "api": "csp_Djuu",
            "style": {
                "type": "list"
            }
        },
        {
            "key": "戏曲多多",
            "name": "戏曲｜多多",
            "type": 3,
            "api": "csp_AppLY",
            "style": {
                "type": "list"
            }
        },
        {
            "key": "网络直播",
            "name": "网络｜直播",
            "type": 3,
            "api": "./py/网络直播.py"
        },
        {
            "key": "哔哩直播",
            "name": "哔哩｜直播",
            "type": 3,
            "api": "./py/哔哩直播.py"
        },
        {
            "key": "哔哩合集",
            "name": "哔哩｜合集",
            "type": 3,
            "api": "csp_Bili",
            "searchable": 1,
            "quickSearch": 0,
            "filterable": 0,
            "changeable": 0,
            "style": {
                "type": "rect",
                "ratio": 1.433
            },
            "ext": {
                "json": "./json/哔哩合集.json",
                "cookie": "http://127.0.0.1:9978/file/TVBox/bili_cookie.txt"
            }
        },
        {
            "key": "哔哩哔哩演唱会",
            "name": "哔哩｜音乐",
            "type": 3,
            "api": "csp_Bili",
            "searchable": 0,
            "quickSearch": 0,
            "filterable": 0,
            "ext": {
                "json": "./json/哔哩哔哩演唱会.json",
                "cookie": "http://127.0.0.1:9978/file/TVBox/bili_cookie.txt"
            },
            "style": {
                "type": "rect",
                "ratio": 1.597
            }
        },
        {
            "key": "哔哩哔哩听书",
            "name": "哔哩｜听书",
            "type": 3,
            "api": "csp_Bili",
            "searchable": 0,
            "quickSearch": 0,
            "filterable": 0,
            "ext": {
                "json": "./json/哔哩哔哩听书.json",
                "cookie": "http://127.0.0.1:9978/file/TVBox/bili_cookie.txt"
            },
            "style": {
                "type": "rect",
                "ratio": 1.597
            }
        },
        {
            "key": "哔哩哔哩相声",
            "name": "哔哩｜相声",
            "type": 3,
            "api": "csp_Bili",
            "searchable": 0,
            "quickSearch": 0,
            "filterable": 0,
            "ext": {
                "json": "./json/哔哩哔哩相声.json",
                "cookie": "http://127.0.0.1:9978/file/TVBox/bili_cookie.txt"
            },
            "style": {
                "type": "rect",
                "ratio": 1.597
            }
        },
        {
            "key": "哔哩哔哩小品",
            "name": "哔哩｜小品",
            "type": 3,
            "api": "csp_Bili",
            "searchable": 0,
            "quickSearch": 0,
            "filterable": 0,
            "ext": {
                "json": "./json/哔哩哔哩小品.json",
                "cookie": "http://127.0.0.1:9978/file/TVBox/bili_cookie.txt"
            },
            "style": {
                "type": "rect",
                "ratio": 1.597
            }
        },
        {
            "key": "哔哩哔哩戏曲",
            "name": "哔哩｜戏曲",
            "type": 3,
            "api": "csp_Bili",
            "searchable": 0,
            "quickSearch": 0,
            "filterable": 0,
            "ext": {
                "json": "./json/哔哩哔哩戏曲.json",
                "cookie": "http://127.0.0.1:9978/file/TVBox/bili_cookie.txt"
            },
            "style": {
                "type": "rect",
                "ratio": 1.597
            }
        },
        {
            "key": "少儿教育",
            "name": "少儿｜教育",
            "type": 3,
            "api": "csp_Bili",
            "searchable": 0,
            "quickSearch": 0,
            "filterable": 1,
            "ext": {
                "json": "./json/少儿教育.json",
                "cookie": "http://127.0.0.1:9978/file/TVBox/bili_cookie.txt"
            },
            "style": {
                "type": "rect",
                "ratio": 1.597
            }
        },
        {
            "key": "小学课堂",
            "name": "小学｜课堂",
            "type": 3,
            "api": "csp_Bili",
            "searchable": 0,
            "quickSearch": 0,
            "filterable": 1,
            "ext": {
                "json": "./json/小学课堂.json",
                "cookie": "http://127.0.0.1:9978/file/TVBox/bili_cookie.txt"
            },
            "style": {
                "type": "rect",
                "ratio": 1.597
            }
        },
        {
            "key": "初中课堂",
            "name": "初中｜课堂",
            "type": 3,
            "api": "csp_Bili",
            "searchable": 0,
            "quickSearch": 0,
            "filterable": 1,
            "ext": {
                "json": "./json/初中课堂.json",
                "cookie": "http://127.0.0.1:9978/file/TVBox/bili_cookie.txt"
            },
            "style": {
                "type": "rect",
                "ratio": 1.597
            }
        },
        {
            "key": "高中课堂",
            "name": "高中｜课堂",
            "type": 3,
            "api": "csp_Bili",
            "searchable": 0,
            "quickSearch": 0,
            "filterable": 1,
            "ext": {
                "json": "./json/高中课堂.json",
                "cookie": "http://127.0.0.1:9978/file/TVBox/bili_cookie.txt"
            },
            "style": {
                "type": "rect",
                "ratio": 1.597
            }
        },
        {
            "key": "急救教学",
            "name": "急救｜教学",
            "type": 3,
            "api": "csp_FirstAid",
            "searchable": 0,
            "quickSearch": 0,
            "changeable": 0,
            "style": {
                "type": "rect",
                "ratio": 3.8
            },
            "gridview": "0-0-4.1"
        },
        {
            "key": "养生堂",
            "name": "养生｜知识",
            "type": 3,
            "api": "csp_XBPQ",
            "ext": "./XBPQ/养生堂.json",
            "style": {
                "type": "rect",
                "ratio": 1.597
            }
        },
        {
            "key": "版本信息",
            "name": "版本｜信息",
            "type": 3,
            "api": "csp_Market",
            "searchable": 0,
            "changeable": 0,
            "indexs": 0,
            "ext": "https://pizazz.s3.bitiful.net/single.json"
        },
        {
            "key": "push_agent",
            "name": "手机｜推送",
            "type": 3,
            "api": "csp_Push",
            "searchable": 0,
            "filterable": 0,
            "changeable": 0
        }
    ],
    "lives": [
        {}
    ],
    "parses": [
        {
            "name": "聚合",
            "type": 3,
            "url": "Web"
        },
        {
            "name": "虾米",
            "type": 0,
            "url": "https://jx.xmflv.com/?url=",
            "ext": {
                "header": {
                    "user-agent": "Mozilla/5.0 (Windows NT 10.0; Win64; x64) AppleWebKit/537.36 (KHTML, like Gecko) Chrome/110.0.0.0 Safari/537.36 Edg/110.0.1587.57"
                }
            }
        },
        {
            "name": "咸鱼",
            "type": 0,
            "url": "https://jx.xymp4.cc/?url=",
            "ext": {
                "header": {
                    "user-agent": "Mozilla/5.0 (X11; Linux x86_64) AppleWebKit/537.36 (KHTML, like Gecko) Chrome/134.0.0.0 Safari/537.36 Edg/134.0.3124.68"
                }
            }
        },
        {
            "name": "淘片",
            "type": 0,
            "url": "https://jx.yparse.com/index.php?url=",
            "ext": {
                "header": {
                    "user-agent": "Mozilla/5.0 (Linux; Android 13; V2049A Build/TP1A.220624.014; wv) AppleWebKit/537.36 (KHTML, like Gecko) Version/4.0 Chrome/116.0.0.0 Mobile Safari/537.36"
                }
            }
        },
        {
            "name": "冰豆",
            "type": 0,
            "url": "https://bd.jx.cn/?url=",
            "ext": {
                "header": {
                    "user-agent": "Mozilla/5.0 (Linux; Android 13; V2049A Build/TP1A.220624.014; wv) AppleWebKit/537.36 (KHTML, like Gecko) Version/4.0 Chrome/116.0.0.0 Mobile Safari/537.36"
                }
            }
        },
        {
            "name": "七七",
            "type": 0,
            "url": "https://jx.77flv.cc/?url=",
            "ext": {
                "header": {
                    "user-agent": "Mozilla/5.0 (Linux; Android 13; V2049A Build/TP1A.220624.014; wv) AppleWebKit/537.36 (KHTML, like Gecko) Version/4.0 Chrome/116.0.0.0 Mobile Safari/537.36"
                }
            }
        },
        {
            "name": "盘古",
            "type": 0,
            "url": "https://www.playm3u8.cn/jiexi.php?url=",
            "ext": {
                "header": {
                    "user-agent": "Mozilla/5.0 (Linux; Android 13; V2049A Build/TP1A.220624.014; wv) AppleWebKit/537.36 (KHTML, like Gecko) Version/4.0 Chrome/116.0.0.0 Mobile Safari/537.36"
                }
            }
        },
        {
            "name": "夜幕",
            "type": 0,
            "url": "https://yemu.xyz/?url=",
            "ext": {
                "header": {
                    "user-agent": "Mozilla/5.0 (Linux; Android 13; V2049A Build/TP1A.220624.014; wv) AppleWebKit/537.36 (KHTML, like Gecko) Version/4.0 Chrome/116.0.0.0 Mobile Safari/537.36"
                }
            }
        }
    ],
    "rules": [
        {
            "name": "农民",
            "hosts": [
                "toutiaovod.com"
            ],
            "regex": [
                "video/tos/cn"
            ]
        },
        {
            "name": "火山",
            "hosts": [
                "huoshan.com"
            ],
            "regex": [
                "item_id="
            ]
        },
        {
            "name": "抖音",
            "hosts": [
                "douyin.com"
            ],
            "regex": [
                "is_play_url="
            ]
        },
        {
            "name": "磁力广告",
            "hosts": [
                "magnet"
            ],
            "regex": [
                "更多",
                "请访问",
                "example",
                "社 區",
                "x u u",
                "直 播",
                "更 新",
                "社 区",
                "有趣",
                "有 趣",
                "英皇体育",
                "全中文AV在线",
                "澳门皇冠赌场",
                "哥哥快来",
                "美女荷官",
                "裸聊",
                "新片首发",
                "UUE29"
            ]
        },
        {
            "name": "饭团点击",
            "hosts": [
                "dadagui",
                "freeok",
                "dadagui"
            ],
            "script": [
                "document.querySelector(\"#playleftiframe\").contentWindow.document.querySelector(\"#start\").click();"
            ]
        },
        {
            "name": "毛驴点击",
            "hosts": [
                "www.maolvys.com"
            ],
            "script": [
                "document.getElementsByClassName('swal-buttonswal-button--confirm')[0].click()"
            ]
        }
    ],
    "doh": [
        {
            "name": "Google",
            "url": "https://dns.google/dns-query",
            "ips": [
                "8.8.4.4",
                "8.8.8.8"
            ]
        },
        {
            "name": "Cloudflare",
            "url": "https://cloudflare-dns.com/dns-query",
            "ips": [
                "1.1.1.1",
                "1.0.0.1",
                "2606:4700:4700::1111",
                "2606:4700:4700::1001"
            ]
        },
        {
            "name": "AdGuard",
            "url": "https://dns.adguard.com/dns-query",
            "ips": [
                "94.140.14.140",
                "94.140.14.141"
            ]
        },
        {
            "name": "DNSWatch",
            "url": "https://resolver2.dns.watch/dns-query",
            "ips": [
                "84.200.69.80",
                "84.200.70.40"
            ]
        },
        {
            "name": "Quad9",
            "url": "https://dns.quad9.net/dns-quer",
            "ips": [
                "9.9.9.9",
                "149.112.112.112"
            ]
        }
    ],
    "flags": [
        "youku",
        "优酷",
        "优 酷",
        "优酷视频",
        "qq",
        "腾讯",
        "腾 讯",
        "腾讯视频",
        "iqiyi",
        "qiyi",
        "奇艺",
        "爱奇艺",
        "爱 奇 艺",
        "m1905",
        "xigua",
        "letv",
        "leshi",
        "乐视",
        "乐 视",
        "sohu",
        "搜狐",
        "搜 狐",
        "搜狐视频",
        "tudou",
        "pptv",
        "mgtv",
        "芒果",
        "imgo",
        "芒果TV",
        "芒 果 T V",
        "bilibili",
        "哔 哩",
        "哔 哩 哔 哩"
    ],
    "ijk": [
        {
            "group": "软解码",
            "options": [
                {
                    "category": 4,
                    "name": "opensles",
                    "value": "0"
                },
                {
                    "category": 4,
                    "name": "overlay-format",
                    "value": "842225234"
                },
                {
                    "category": 4,
                    "name": "framedrop",
                    "value": "1"
                },
                {
                    "category": 4,
                    "name": "soundtouch",
                    "value": "1"
                },
                {
                    "category": 4,
                    "name": "start-on-prepared",
                    "value": "1"
                },
                {
                    "category": 1,
                    "name": "http-detect-range-support",
                    "value": "0"
                },
                {
                    "category": 1,
                    "name": "fflags",
                    "value": "fastseek"
                },
                {
                    "category": 2,
                    "name": "skip_loop_filter",
                    "value": "48"
                },
                {
                    "category": 4,
                    "name": "reconnect",
                    "value": "1"
                },
                {
                    "category": 4,
                    "name": "enable-accurate-seek",
                    "value": "0"
                },
                {
                    "category": 4,
                    "name": "mediacodec",
                    "value": "0"
                },
                {
                    "category": 4,
                    "name": "mediacodec-auto-rotate",
                    "value": "0"
                },
                {
                    "category": 4,
                    "name": "mediacodec-handle-resolution-change",
                    "value": "0"
                },
                {
                    "category": 4,
                    "name": "mediacodec-hevc",
                    "value": "0"
                },
                {
                    "category": 1,
                    "name": "dns_cache_timeout",
                    "value": "600000000"
                }
            ]
        },
        {
            "group": "硬解码",
            "options": [
                {
                    "category": 4,
                    "name": "opensles",
                    "value": "0"
                },
                {
                    "category": 4,
                    "name": "overlay-format",
                    "value": "842225234"
                },
                {
                    "category": 4,
                    "name": "framedrop",
                    "value": "1"
                },
                {
                    "category": 4,
                    "name": "soundtouch",
                    "value": "1"
                },
                {
                    "category": 4,
                    "name": "start-on-prepared",
                    "value": "1"
                },
                {
                    "category": 1,
                    "name": "http-detect-range-support",
                    "value": "0"
                },
                {
                    "category": 1,
                    "name": "fflags",
                    "value": "fastseek"
                },
                {
                    "category": 2,
                    "name": "skip_loop_filter",
                    "value": "48"
                },
                {
                    "category": 4,
                    "name": "reconnect",
                    "value": "1"
                },
                {
                    "category": 4,
                    "name": "enable-accurate-seek",
                    "value": "0"
                },
                {
                    "category": 4,
                    "name": "mediacodec",
                    "value": "1"
                },
                {
                    "category": 4,
                    "name": "mediacodec-auto-rotate",
                    "value": "1"
                },
                {
                    "category": 4,
                    "name": "mediacodec-handle-resolution-change",
                    "value": "1"
                },
                {
                    "category": 4,
                    "name": "mediacodec-hevc",
                    "value": "1"
                },
                {
                    "category": 1,
                    "name": "dns_cache_timeout",
                    "value": "600000000"
                }
            ]
        }
    ],
    "ads": [
        "static-mozai.4gtv.tv"
    ]
}